,XC60_Gent,XC60_China,Kuga,Mondeo
machine 1,0.020460072,0.029375538,0.023660263,0.027600623
mahicne 2,0.026060266,0.02517837,0.027872984,0
machine 3,0.023081476,0.026795545,0.022486077,0.028583745
machine 4,0.021046905,0,0.028109273,0.024199002
machine 5,0.028488239,0.031022069,0.024908955,0.027975851
machine 6,0.024500974,0.02783053,0.025655647,0.031637681